year;temp;precip;Name
1874;3.79;810.0;VD_Lausanne_urban
1875;3.85;1073.1;VD_Lausanne_urban
1876;4.23;1095.0;VD_Lausanne_urban
1877;4.06;1149.2;VD_Lausanne_urban
1878;3.53;1243.7;VD_Lausanne_urban
1879;2.85;1048.8;VD_Lausanne_urban
1880;4.5;1088.8;TG_Taenikon_rural
1880;4.5;988.8;VD_Lausanne_urban
1881;3.99;958.2;TG_Taenikon_rural
1881;3.99;1024.1;VD_Lausanne_urban
1882;4.07;1134.6;TG_Taenikon_rural
1882;4.07;1308.1;VD_Lausanne_urban
1883;3.46;1436.3;LU_Rigi_rural
1883;3.46;729.7;TG_Taenikon_rural
1883;3.46;1009.0;VD_Lausanne_urban
1884;4.2;1243.0;LU_Rigi_rural
1884;4.2;719.6;TG_Taenikon_rural
1884;4.2;567.9;VD_Lausanne_urban
1885;4.1;1309.9;LU_Rigi_rural
1885;4.1;953.0;TG_Taenikon_rural
1885;4.1;967.5;BL_BaselBinningen_suburban
1885;4.1;1100.6;VD_Lausanne_urban
1886;3.96;1423.7;LU_Rigi_rural
1886;3.96;868.0;TG_Taenikon_rural
1886;3.96;1254.9;BL_BaselBinningen_suburban
1886;3.96;1163.9;VD_Lausanne_urban
1887;2.96;1252.9;LU_Rigi_rural
1887;2.96;634.1;TG_Taenikon_rural
1887;2.96;896.9;BL_BaselBinningen_suburban
1887;2.96;1077.2;GE_Meyrin_suburban
1887;2.96;821.5;VD_Lausanne_urban
1888;3.24;1494.7;LU_Rigi_rural
1888;3.24;1118.7;TG_Taenikon_rural
1888;3.24;1269.4;BL_BaselBinningen_suburban
1888;3.24;1211.5;GE_Meyrin_suburban
1888;3.24;1202.2;VD_Lausanne_urban
1889;3.02;1481.4;LU_Rigi_rural
1889;3.02;788.8;TG_Taenikon_rural
1889;3.02;1115.7;BL_BaselBinningen_suburban
1889;3.02;1316.0;GE_Meyrin_suburban
1889;3.02;1177.0;VD_Lausanne_urban
1890;3.15;1231.0;LU_Rigi_rural
1890;3.15;792.1;TG_Taenikon_rural
1890;3.15;1135.2;BL_BaselBinningen_suburban
1890;3.15;1408.5;GE_Meyrin_suburban
1890;3.15;1084.0;VD_Lausanne_urban
1891;3.24;1472.9;LU_Rigi_rural
1891;3.24;747.5;TG_Taenikon_rural
1891;3.24;1152.8;BL_BaselBinningen_suburban
1891;3.24;1275.0;GE_Meyrin_suburban
1891;3.24;1031.7;VD_Lausanne_urban
1892;3.94;1392.9;LU_Rigi_rural
1892;3.94;739.7;TG_Taenikon_rural
1892;3.94;1128.7;BL_BaselBinningen_suburban
1892;3.94;1046.0;GE_Meyrin_suburban
1892;3.94;936.9;VD_Lausanne_urban
1893;4.27;1157.6;LU_Rigi_rural
1893;4.27;730.0;TG_Taenikon_rural
1893;4.27;859.1;BL_BaselBinningen_suburban
1893;4.27;920.5;GE_Meyrin_suburban
1893;4.27;828.3;VD_Lausanne_urban
1894;4.02;1361.0;LU_Rigi_rural
1894;4.02;771.7;TG_Taenikon_rural
1894;4.02;1123.4;BL_BaselBinningen_suburban
1894;4.02;1134.7;GE_Meyrin_suburban
1894;4.02;893.7;VD_Lausanne_urban
1895;3.68;1271.9;LU_Rigi_rural
1895;3.68;820.6;TG_Taenikon_rural
1895;3.68;978.0;BL_BaselBinningen_suburban
1895;3.68;1230.5;GE_Meyrin_suburban
1895;3.68;957.8;VD_Lausanne_urban
1896;3.31;1801.2;LU_Rigi_rural
1896;3.31;853.0;TG_Taenikon_rural
1896;3.31;1418.8;BL_BaselBinningen_suburban
1896;3.31;1552.5;GE_Meyrin_suburban
1896;3.31;1163.8;VD_Lausanne_urban
1897;4.46;1099.1;NE_Chaumont_rural
1897;4.46;1689.6;LU_Rigi_rural
1897;4.46;886.0;TG_Taenikon_rural
1897;4.46;1135.9;BL_BaselBinningen_suburban
1897;4.46;1258.0;GE_Meyrin_suburban
1897;4.46;921.1;VD_Lausanne_urban
1898;4.74;1047.2;NE_Chaumont_rural
1898;4.74;1331.8;LU_Rigi_rural
1898;4.74;766.8;TG_Taenikon_rural
1898;4.74;1171.3;BL_BaselBinningen_suburban
1898;4.74;1152.5;GE_Meyrin_suburban
1898;4.74;927.9;VD_Lausanne_urban
1899;4.61;1222.1;NE_Chaumont_rural
1899;4.61;1171.4;LU_Rigi_rural
1899;4.61;665.2;TG_Taenikon_rural
1899;4.61;994.0;BL_BaselBinningen_suburban
1899;4.61;1222.5;GE_Meyrin_suburban
1899;4.61;881.3;VD_Lausanne_urban
1900;4.5;1062.4;NE_Chaumont_rural
1900;4.5;1362.5;LU_Rigi_rural
1900;4.5;661.6;TG_Taenikon_rural
1900;4.5;1197.1;BL_BaselBinningen_suburban
1900;4.5;1256.0;GE_Meyrin_suburban
1900;4.5;956.0;VD_Lausanne_urban
1901;3.4;1067.3;BE_Bern_urban
1901;3.4;1271.2;NE_Chaumont_rural
1901;3.4;2479.2;TI_Lugano_urban
1901;3.4;1405.2;LU_Rigi_rural
1901;3.4;836.8;TG_Taenikon_rural
1901;3.4;1298.1;BL_BaselBinningen_suburban
1901;3.4;1382.2;GE_Meyrin_suburban
1901;3.4;1047.4;VD_Lausanne_urban
1902;3.83;1123.3;BE_Bern_urban
1902;3.83;1176.4;NE_Chaumont_rural
1902;3.83;2097.0;TI_Lugano_urban
1902;3.83;1409.6;LU_Rigi_rural
1902;3.83;901.9;TG_Taenikon_rural
1902;3.83;1221.9;BL_BaselBinningen_suburban
1902;3.83;1427.7;GE_Meyrin_suburban
1902;3.83;1088.1;VD_Lausanne_urban
1903;3.9;1032.5;BE_Bern_urban
1903;3.9;1128.8;NE_Chaumont_rural
1903;3.9;2447.9;TI_Lugano_urban
1903;3.9;1403.3;LU_Rigi_rural
1903;3.9;742.3;TG_Taenikon_rural
1903;3.9;1193.9;BL_BaselBinningen_suburban
1903;3.9;1356.1;GE_Meyrin_suburban
1903;3.9;952.0;VD_Lausanne_urban
1904;4.58;900.0;BE_Bern_urban
1904;4.58;1129.2;NE_Chaumont_rural
1904;4.58;1866.2;TI_Lugano_urban
1904;4.58;1253.1;LU_Rigi_rural
1904;4.58;621.1;TG_Taenikon_rural
1904;4.58;1088.7;BL_BaselBinningen_suburban
1904;4.58;1155.8;GE_Meyrin_suburban
1904;4.58;788.0;VD_Lausanne_urban
1905;3.57;1244.1;BE_Bern_urban
1905;3.57;1314.1;NE_Chaumont_rural
1905;3.57;2376.7;TI_Lugano_urban
1905;3.57;1726.2;LU_Rigi_rural
1905;3.57;915.9;TG_Taenikon_rural
1905;3.57;1322.8;BL_BaselBinningen_suburban
1905;3.57;1177.7;GE_Meyrin_suburban
1905;3.57;1097.3;VD_Lausanne_urban
1906;3.89;850.7;BE_Bern_urban
1906;3.89;1081.7;NE_Chaumont_rural
1906;3.89;1751.2;TI_Lugano_urban
1906;3.89;1237.1;LU_Rigi_rural
1906;3.89;740.4;TG_Taenikon_rural
1906;3.89;1058.4;BL_BaselBinningen_suburban
1906;3.89;980.3;GE_Meyrin_suburban
1906;3.89;691.2;VD_Lausanne_urban
1907;3.91;956.4;BE_Bern_urban
1907;3.91;1105.2;NE_Chaumont_rural
1907;3.91;2066.1;TI_Lugano_urban
1907;3.91;1458.7;LU_Rigi_rural
1907;3.91;676.7;TG_Taenikon_rural
1907;3.91;1070.2;BL_BaselBinningen_suburban
1907;3.91;1042.1;GE_Meyrin_suburban
1907;3.91;951.4;VD_Lausanne_urban
1908;3.77;921.2;BE_Bern_urban
1908;3.77;1133.0;NE_Chaumont_rural
1908;3.77;1827.8;TI_Lugano_urban
1908;3.77;1277.0;LU_Rigi_rural
1908;3.77;781.4;TG_Taenikon_rural
1908;3.77;1201.2;BL_BaselBinningen_suburban
1908;3.77;1129.7;GE_Meyrin_suburban
1908;3.77;929.5;VD_Lausanne_urban
1909;3.2;1007.1;BE_Bern_urban
1909;3.2;1291.9;NE_Chaumont_rural
1909;3.2;1916.9;TI_Lugano_urban
1909;3.2;1301.3;LU_Rigi_rural
1909;3.2;728.5;TG_Taenikon_rural
1909;3.2;1186.4;BL_BaselBinningen_suburban
1909;3.2;1130.0;GE_Meyrin_suburban
1909;3.2;1161.8;VD_Lausanne_urban
1910;3.68;1384.7;BE_Bern_urban
1910;3.68;1613.1;NE_Chaumont_rural
1910;3.68;2661.4;TI_Lugano_urban
1910;3.68;1852.0;LU_Rigi_rural
1910;3.68;1044.1;TG_Taenikon_rural
1910;3.68;1645.7;BL_BaselBinningen_suburban
1910;3.68;1416.3;GE_Meyrin_suburban
1910;3.68;1383.3;VD_Lausanne_urban
1911;4.84;906.3;BE_Bern_urban
1911;4.84;1120.8;NE_Chaumont_rural
1911;4.84;2118.7;TI_Lugano_urban
1911;4.84;1082.5;LU_Rigi_rural
1911;4.84;586.3;TG_Taenikon_rural
1911;4.84;856.5;BL_BaselBinningen_suburban
1911;4.84;1058.7;GE_Meyrin_suburban
1911;4.84;939.0;VD_Lausanne_urban
1912;3.76;1100.5;BE_Bern_urban
1912;3.76;1234.1;NE_Chaumont_rural
1912;3.76;2156.0;TI_Lugano_urban
1912;3.76;1426.4;LU_Rigi_rural
1912;3.76;948.6;TG_Taenikon_rural
1912;3.76;1353.4;BL_BaselBinningen_suburban
1912;3.76;1291.5;GE_Meyrin_suburban
1912;3.76;1040.7;VD_Lausanne_urban
1913;4.31;1069.7;BE_Bern_urban
1913;4.31;1194.4;NE_Chaumont_rural
1913;4.31;2300.6;TI_Lugano_urban
1913;4.31;1240.9;LU_Rigi_rural
1913;4.31;892.6;TG_Taenikon_rural
1913;4.31;1139.3;BL_BaselBinningen_suburban
1913;4.31;1225.9;GE_Meyrin_suburban
1913;4.31;1045.4;VD_Lausanne_urban
1914;3.94;1136.5;BE_Bern_urban
1914;3.94;1446.8;NE_Chaumont_rural
1914;3.94;2573.2;TI_Lugano_urban
1914;3.94;1395.5;LU_Rigi_rural
1914;3.94;1028.0;TG_Taenikon_rural
1914;3.94;1415.9;BL_BaselBinningen_suburban
1914;3.94;1436.7;GE_Meyrin_suburban
1914;3.94;1186.9;VD_Lausanne_urban
1915;3.76;1225.7;BE_Bern_urban
1915;3.76;1312.7;NE_Chaumont_rural
1915;3.76;2089.5;TI_Lugano_urban
1915;3.76;1403.0;LU_Rigi_rural
1915;3.76;976.0;TG_Taenikon_rural
1915;3.76;1224.4;BL_BaselBinningen_suburban
1915;3.76;1301.1;GE_Meyrin_suburban
1915;3.76;1283.4;VD_Lausanne_urban
1916;4.13;1272.7;BE_Bern_urban
1916;4.13;1590.2;NE_Chaumont_rural
1916;4.13;2889.1;TI_Lugano_urban
1916;4.13;1512.2;LU_Rigi_rural
1916;4.13;1021.6;TG_Taenikon_rural
1916;4.13;1389.0;BL_BaselBinningen_suburban
1916;4.13;1546.6;GE_Meyrin_suburban
1916;4.13;1304.8;VD_Lausanne_urban
1917;3.3;1129.5;BE_Bern_urban
1917;3.3;1157.3;NE_Chaumont_rural
1917;3.3;2244.6;TI_Lugano_urban
1917;3.3;1247.7;LU_Rigi_rural
1917;3.3;1004.8;TG_Taenikon_rural
1917;3.3;1297.5;BL_BaselBinningen_suburban
1917;3.3;1186.7;GE_Meyrin_suburban
1917;3.3;1223.6;VD_Lausanne_urban
1918;4.33;1052.2;BE_Bern_urban
1918;4.33;1285.2;NE_Chaumont_rural
1918;4.33;2195.8;TI_Lugano_urban
1918;4.33;1202.9;LU_Rigi_rural
1918;4.33;915.7;TG_Taenikon_rural
1918;4.33;1203.5;BL_BaselBinningen_suburban
1918;4.33;1161.2;GE_Meyrin_suburban
1918;4.33;1116.1;VD_Lausanne_urban
1919;3.36;1151.6;BE_Bern_urban
1919;3.36;1482.3;NE_Chaumont_rural
1919;3.36;1870.3;TI_Lugano_urban
1919;3.36;1327.2;LU_Rigi_rural
1919;3.36;891.6;TG_Taenikon_rural
1919;3.36;1279.1;BL_BaselBinningen_suburban
1919;3.36;1408.6;GE_Meyrin_suburban
1919;3.36;1070.5;VD_Lausanne_urban
1920;5.06;824.0;BE_Bern_urban
1920;5.06;1010.7;NE_Chaumont_rural
1920;5.06;3045.2;TI_Lugano_urban
1920;5.06;1015.2;LU_Rigi_rural
1920;5.06;625.2;TG_Taenikon_rural
1920;5.06;866.7;BL_BaselBinningen_suburban
1920;5.06;979.0;GE_Meyrin_suburban
1920;5.06;858.6;VD_Lausanne_urban
1921;5.23;785.9;BE_Bern_urban
1921;5.23;806.1;NE_Chaumont_rural
1921;5.23;1141.8;TI_Lugano_urban
1921;5.23;903.6;LU_Rigi_rural
1921;5.23;625.0;TG_Taenikon_rural
1921;5.23;831.9;BL_BaselBinningen_suburban
1921;5.23;580.9;GE_Meyrin_suburban
1921;5.23;536.4;VD_Lausanne_urban
1922;3.69;1433.4;BE_Bern_urban
1922;3.69;1588.6;NE_Chaumont_rural
1922;3.69;2305.5;TI_Lugano_urban
1922;3.69;1708.4;LU_Rigi_rural
1922;3.69;1197.1;TG_Taenikon_rural
1922;3.69;1567.7;BL_BaselBinningen_suburban
1922;3.69;1571.6;GE_Meyrin_suburban
1922;3.69;1462.1;VD_Lausanne_urban
1923;4.41;1171.7;BE_Bern_urban
1923;4.41;1436.8;NE_Chaumont_rural
1923;4.41;2165.5;TI_Lugano_urban
1923;4.41;1293.5;LU_Rigi_rural
1923;4.41;787.1;TG_Taenikon_rural
1923;4.41;1305.7;BL_BaselBinningen_suburban
1923;4.41;1385.1;GE_Meyrin_suburban
1923;4.41;1272.7;VD_Lausanne_urban
1924;4.06;918.5;BE_Bern_urban
1924;4.06;1173.1;NE_Chaumont_rural
1924;4.06;2107.9;TI_Lugano_urban
1924;4.06;1189.2;LU_Rigi_rural
1924;4.06;802.0;TG_Taenikon_rural
1924;4.06;1009.0;BL_BaselBinningen_suburban
1924;4.06;1095.4;GE_Meyrin_suburban
1924;4.06;998.1;VD_Lausanne_urban
1925;4.03;1066.6;BE_Bern_urban
1925;4.03;1199.6;NE_Chaumont_rural
1925;4.03;2235.2;TI_Lugano_urban
1925;4.03;1237.8;LU_Rigi_rural
1925;4.03;738.0;TG_Taenikon_rural
1925;4.03;1195.6;BL_BaselBinningen_suburban
1925;4.03;1053.2;GE_Meyrin_suburban
1925;4.03;958.0;VD_Lausanne_urban
1926;4.74;1044.2;BE_Bern_urban
1926;4.74;1194.6;NE_Chaumont_rural
1926;4.74;2812.8;TI_Lugano_urban
1926;4.74;1309.3;LU_Rigi_rural
1926;4.74;889.4;TG_Taenikon_rural
1926;4.74;1298.7;BL_BaselBinningen_suburban
1926;4.74;1176.0;GE_Meyrin_suburban
1926;4.74;1003.7;VD_Lausanne_urban
1927;4.51;1233.6;BE_Bern_urban
1927;4.51;1369.4;NE_Chaumont_rural
1927;4.51;2264.3;TI_Lugano_urban
1927;4.51;1619.5;LU_Rigi_rural
1927;4.51;987.3;TG_Taenikon_rural
1927;4.51;1273.7;BL_BaselBinningen_suburban
1927;4.51;1431.3;GE_Meyrin_suburban
1927;4.51;1250.3;VD_Lausanne_urban
1928;4.85;1079.0;BE_Bern_urban
1928;4.85;1376.7;NE_Chaumont_rural
1928;4.85;2642.1;TI_Lugano_urban
1928;4.85;1464.1;LU_Rigi_rural
1928;4.85;736.2;TG_Taenikon_rural
1928;4.85;1187.9;BL_BaselBinningen_suburban
1928;4.85;1329.4;GE_Meyrin_suburban
1928;4.85;1143.7;VD_Lausanne_urban
1929;4.11;835.9;BE_Bern_urban
1929;4.11;915.4;NE_Chaumont_rural
1929;4.11;1969.0;TI_Lugano_urban
1929;4.11;1152.1;LU_Rigi_rural
1929;4.11;827.7;TG_Taenikon_rural
1929;4.11;985.2;BL_BaselBinningen_suburban
1929;4.11;937.0;GE_Meyrin_suburban
1929;4.11;920.0;VD_Lausanne_urban
1930;4.91;1370.2;BE_Bern_urban
1930;4.91;1634.5;NE_Chaumont_rural
1930;4.91;2430.6;TI_Lugano_urban
1930;4.91;1564.0;LU_Rigi_rural
1930;4.91;1138.1;TG_Taenikon_rural
1930;4.91;1440.5;BL_BaselBinningen_suburban
1930;4.91;1560.7;GE_Meyrin_suburban
1930;4.91;1568.2;VD_Lausanne_urban
1931;3.7;1253.2;BE_Bern_urban
1931;3.7;1489.7;NE_Chaumont_rural
1931;3.7;2004.3;TI_Lugano_urban
1931;3.7;1381.6;LU_Rigi_rural
1931;3.7;1000.5;TG_Taenikon_rural
1931;3.7;1395.0;BL_BaselBinningen_suburban
1931;3.7;1363.3;GE_Meyrin_suburban
1931;3.7;1204.3;VD_Lausanne_urban
1932;4.27;1078.5;BE_Bern_urban
1932;4.27;1274.0;NE_Chaumont_rural
1932;4.27;2579.5;TI_Lugano_urban
1932;4.27;1295.3;LU_Rigi_rural
1932;4.27;774.3;TG_Taenikon_rural
1932;4.27;1111.7;BL_BaselBinningen_suburban
1932;4.27;1176.0;GE_Meyrin_suburban
1932;4.27;924.7;VD_Lausanne_urban
1933;3.83;965.3;BE_Bern_urban
1933;3.83;1058.0;NE_Chaumont_rural
1933;3.83;2284.5;TI_Lugano_urban
1933;3.83;1095.9;LU_Rigi_rural
1933;3.83;847.0;TG_Taenikon_rural
1933;3.83;1043.3;BL_BaselBinningen_suburban
1933;3.83;1003.2;GE_Meyrin_suburban
1933;3.83;910.0;VD_Lausanne_urban
1934;5.13;994.6;BE_Bern_urban
1934;5.13;1060.5;NE_Chaumont_rural
1934;5.13;2659.5;TI_Lugano_urban
1934;5.13;1072.4;LU_Rigi_rural
1934;5.13;795.2;TG_Taenikon_rural
1934;5.13;978.2;BL_BaselBinningen_suburban
1934;5.13;969.6;GE_Meyrin_suburban
1934;5.13;955.4;VD_Lausanne_urban
1935;4.02;1391.6;BE_Bern_urban
1935;4.02;1514.2;NE_Chaumont_rural
1935;4.02;2970.2;TI_Lugano_urban
1935;4.02;1423.6;LU_Rigi_rural
1935;4.02;1046.2;TG_Taenikon_rural
1935;4.02;1529.0;BL_BaselBinningen_suburban
1935;4.02;1756.1;GE_Meyrin_suburban
1935;4.02;1274.6;VD_Lausanne_urban
1936;4.39;1311.0;BE_Bern_urban
1936;4.39;1408.2;NE_Chaumont_rural
1936;4.39;2405.7;TI_Lugano_urban
1936;4.39;1416.5;LU_Rigi_rural
1936;4.39;974.4;TG_Taenikon_rural
1936;4.39;1399.2;BL_BaselBinningen_suburban
1936;4.39;1381.0;GE_Meyrin_suburban
1936;4.39;1207.0;VD_Lausanne_urban
1937;4.57;1258.3;BE_Bern_urban
1937;4.57;1465.3;NE_Chaumont_rural
1937;4.57;2690.6;TI_Lugano_urban
1937;4.57;1538.3;LU_Rigi_rural
1937;4.57;973.7;TG_Taenikon_rural
1937;4.57;1161.7;BL_BaselBinningen_suburban
1937;4.57;1501.3;GE_Meyrin_suburban
1937;4.57;1159.8;VD_Lausanne_urban
1938;4.41;1204.4;BE_Bern_urban
1938;4.41;1162.7;NE_Chaumont_rural
1938;4.41;2049.0;TI_Lugano_urban
1938;4.41;1356.7;LU_Rigi_rural
1938;4.41;860.2;TG_Taenikon_rural
1938;4.41;1100.3;BL_BaselBinningen_suburban
1938;4.41;1029.7;GE_Meyrin_suburban
1938;4.41;935.7;VD_Lausanne_urban
1939;4.03;1262.6;BE_Bern_urban
1939;4.03;1623.6;NE_Chaumont_rural
1939;4.03;3201.2;TI_Lugano_urban
1939;4.03;1697.4;LU_Rigi_rural
1939;4.03;1272.4;TG_Taenikon_rural
1939;4.03;1568.0;BL_BaselBinningen_suburban
1939;4.03;1683.2;GE_Meyrin_suburban
1939;4.03;1309.3;VD_Lausanne_urban
1940;3.45;1260.6;BE_Bern_urban
1940;3.45;1392.3;NE_Chaumont_rural
1940;3.45;1997.2;TI_Lugano_urban
1940;3.45;1647.2;LU_Rigi_rural
1940;3.45;1106.7;TG_Taenikon_rural
1940;3.45;1460.4;BL_BaselBinningen_suburban
1940;3.45;1328.4;GE_Meyrin_suburban
1940;3.45;1194.3;VD_Lausanne_urban
1941;3.55;966.0;BE_Bern_urban
1941;3.55;1066.5;NE_Chaumont_rural
1941;3.55;2619.2;TI_Lugano_urban
1941;3.55;1276.2;LU_Rigi_rural
1941;3.55;840.4;TG_Taenikon_rural
1941;3.55;1121.1;BL_BaselBinningen_suburban
1941;3.55;1012.6;GE_Meyrin_suburban
1941;3.55;989.9;VD_Lausanne_urban
1942;4.3;965.5;BE_Bern_urban
1942;4.3;1216.5;NE_Chaumont_rural
1942;4.3;1981.5;TI_Lugano_urban
1942;4.3;1113.8;LU_Rigi_rural
1942;4.3;820.7;TG_Taenikon_rural
1942;4.3;979.2;BL_BaselBinningen_suburban
1942;4.3;847.7;GE_Meyrin_suburban
1942;4.3;835.1;VD_Lausanne_urban
1943;5.26;992.4;BE_Bern_urban
1943;5.26;1074.8;NE_Chaumont_rural
1943;5.26;1772.0;TI_Lugano_urban
1943;5.26;1062.9;LU_Rigi_rural
1943;5.26;591.2;TG_Taenikon_rural
1943;5.26;855.8;BL_BaselBinningen_suburban
1943;5.26;992.7;GE_Meyrin_suburban
1943;5.26;847.9;VD_Lausanne_urban
1944;3.95;1209.8;BE_Bern_urban
1944;3.95;1364.6;NE_Chaumont_rural
1944;3.95;1768.6;TI_Lugano_urban
1944;3.95;1695.8;LU_Rigi_rural
1944;3.95;928.8;TG_Taenikon_rural
1944;3.95;1341.3;BL_BaselBinningen_suburban
1944;3.95;1233.3;GE_Meyrin_suburban
1944;3.95;1068.5;VD_Lausanne_urban
1945;4.91;911.7;BE_Bern_urban
1945;4.91;1033.0;NE_Chaumont_rural
1945;4.91;1787.9;TI_Lugano_urban
1945;4.91;1530.3;LU_Rigi_rural
1945;4.91;932.6;TG_Taenikon_rural
1945;4.91;1199.7;BL_BaselBinningen_suburban
1945;4.91;827.4;GE_Meyrin_suburban
1945;4.91;774.5;VD_Lausanne_urban
1946;4.74;1132.7;BE_Bern_urban
1946;4.74;1230.5;NE_Chaumont_rural
1946;4.74;2602.2;TI_Lugano_urban
1946;4.74;1649.4;LU_Rigi_rural
1946;4.74;943.1;TG_Taenikon_rural
1946;4.74;1132.1;BL_BaselBinningen_suburban
1946;4.74;1141.4;GE_Meyrin_suburban
1946;4.74;959.1;VD_Lausanne_urban
1947;5.61;811.6;BE_Bern_urban
1947;5.61;1224.3;NE_Chaumont_rural
1947;5.61;1962.3;TI_Lugano_urban
1947;5.61;1182.7;LU_Rigi_rural
1947;5.61;708.4;TG_Taenikon_rural
1947;5.61;882.6;BL_BaselBinningen_suburban
1947;5.61;1112.7;GE_Meyrin_suburban
1947;5.61;880.3;VD_Lausanne_urban
1948;5.28;1075.3;BE_Bern_urban
1948;5.28;1319.5;NE_Chaumont_rural
1948;5.28;2396.7;TI_Lugano_urban
1948;5.28;1356.8;LU_Rigi_rural
1948;5.28;782.2;TG_Taenikon_rural
1948;5.28;1138.3;BL_BaselBinningen_suburban
1948;5.28;1256.9;GE_Meyrin_suburban
1948;5.28;1129.9;VD_Lausanne_urban
1949;5.43;778.7;BE_Bern_urban
1949;5.43;840.0;NE_Chaumont_rural
1949;5.43;1664.7;TI_Lugano_urban
1949;5.43;934.9;LU_Rigi_rural
1949;5.43;499.1;TG_Taenikon_rural
1949;5.43;772.8;BL_BaselBinningen_suburban
1949;5.43;842.8;GE_Meyrin_suburban
1949;5.43;742.6;VD_Lausanne_urban
1950;5.03;1479.7;BE_Bern_urban
1950;5.03;1568.4;NE_Chaumont_rural
1950;5.03;2155.6;TI_Lugano_urban
1950;5.03;1586.2;LU_Rigi_rural
1950;5.03;877.1;TG_Taenikon_rural
1950;5.03;1084.7;BL_BaselBinningen_suburban
1950;5.03;1466.1;GE_Meyrin_suburban
1950;5.03;1195.4;VD_Lausanne_urban
1951;4.72;1215.1;BE_Bern_urban
1951;4.72;1415.2;NE_Chaumont_rural
1951;4.72;3289.4;TI_Lugano_urban
1951;4.72;1508.9;LU_Rigi_rural
1951;4.72;838.0;TG_Taenikon_rural
1951;4.72;1357.5;BL_BaselBinningen_suburban
1951;4.72;1162.5;GE_Meyrin_suburban
1951;4.72;1177.0;VD_Lausanne_urban
1952;4.42;1375.8;BE_Bern_urban
1952;4.42;1570.7;NE_Chaumont_rural
1952;4.42;1903.9;TI_Lugano_urban
1952;4.42;1718.2;LU_Rigi_rural
1952;4.42;1025.9;TG_Taenikon_rural
1952;4.42;1413.5;BL_BaselBinningen_suburban
1952;4.42;1694.1;GE_Meyrin_suburban
1952;4.42;1284.9;VD_Lausanne_urban
1953;4.9;825.1;BE_Bern_urban
1953;4.9;966.2;NE_Chaumont_rural
1953;4.9;2047.7;TI_Lugano_urban
1953;4.9;1196.0;LU_Rigi_rural
1953;4.9;672.3;TG_Taenikon_rural
1953;4.9;857.9;BL_BaselBinningen_suburban
1953;4.9;788.1;GE_Meyrin_suburban
1953;4.9;735.6;VD_Lausanne_urban
1954;4.03;1276.7;BE_Bern_urban
1954;4.03;1366.1;NE_Chaumont_rural
1954;4.03;2250.4;TI_Lugano_urban
1954;4.03;1480.4;LU_Rigi_rural
1954;4.03;936.3;TG_Taenikon_rural
1954;4.03;1217.7;BL_BaselBinningen_suburban
1954;4.03;1161.6;GE_Meyrin_suburban
1954;4.03;1155.6;VD_Lausanne_urban
1955;4.19;1232.0;BE_Bern_urban
1955;4.19;1279.7;NE_Chaumont_rural
1955;4.19;1677.5;TI_Lugano_urban
1955;4.19;1582.4;LU_Rigi_rural
1955;4.19;1022.5;TG_Taenikon_rural
1955;4.19;1109.6;BL_BaselBinningen_suburban
1955;4.19;1154.3;GE_Meyrin_suburban
1955;4.19;1232.0;VD_Lausanne_urban
1956;3.1;1130.2;BE_Bern_urban
1956;3.1;1262.5;NE_Chaumont_rural
1956;3.1;2006.3;TI_Lugano_urban
1956;3.1;1537.5;LU_Rigi_rural
1956;3.1;870.0;TG_Taenikon_rural
1956;3.1;1231.7;BL_BaselBinningen_suburban
1956;3.1;1153.1;GE_Meyrin_suburban
1956;3.1;1084.7;VD_Lausanne_urban
1957;4.79;970.8;BE_Bern_urban
1957;4.79;1165.5;NE_Chaumont_rural
1957;4.79;2346.9;TI_Lugano_urban
1957;4.79;1340.7;LU_Rigi_rural
1957;4.79;868.2;TG_Taenikon_rural
1957;4.79;1073.1;BL_BaselBinningen_suburban
1957;4.79;1139.8;GE_Meyrin_suburban
1957;4.79;832.5;VD_Lausanne_urban
1958;4.66;1110.6;BE_Bern_urban
1958;4.66;1467.1;NE_Chaumont_rural
1958;4.66;2262.0;TI_Lugano_urban
1958;4.66;1594.1;LU_Rigi_rural
1958;4.66;1036.8;TG_Taenikon_rural
1958;4.66;1251.7;BL_BaselBinningen_suburban
1958;4.66;1290.9;GE_Meyrin_suburban
1958;4.66;1170.0;VD_Lausanne_urban
1959;5.28;969.5;BE_Bern_urban
1959;5.28;1116.6;NE_Chaumont_rural
1959;5.28;2447.5;TI_Lugano_urban
1959;5.28;1201.1;LU_Rigi_rural
1959;5.28;917.0;TG_Taenikon_rural
1959;5.28;966.0;BL_BaselBinningen_suburban
1959;5.28;1058.5;GE_Meyrin_suburban
1959;5.28;1042.9;VD_Lausanne_urban
1960;4.42;1150.0;BE_Bern_urban
1960;4.42;1295.6;NE_Chaumont_rural
1960;4.42;3884.9;TI_Lugano_urban
1960;4.42;1611.0;LU_Rigi_rural
1960;4.42;993.5;TG_Taenikon_rural
1960;4.42;1095.7;BL_BaselBinningen_suburban
1960;4.42;1468.8;GE_Meyrin_suburban
1960;4.42;1293.1;VD_Lausanne_urban
1960;4.42;1007.9;VS_Saxon_rural
1961;5.53;1039.1;BE_Bern_urban
1961;5.53;1204.1;NE_Chaumont_rural
1961;5.53;1948.2;TI_Lugano_urban
1961;5.53;1198.2;LU_Rigi_rural
1961;5.53;868.5;TG_Taenikon_rural
1961;5.53;1067.1;BL_BaselBinningen_suburban
1961;5.53;1178.3;GE_Meyrin_suburban
1961;5.53;1062.1;VD_Lausanne_urban
1961;5.53;851.7;VS_Saxon_rural
1962;3.7;904.0;BE_Bern_urban
1962;3.7;1136.2;NE_Chaumont_rural
1962;3.7;1509.1;TI_Lugano_urban
1962;3.7;1254.5;LU_Rigi_rural
1962;3.7;823.4;TG_Taenikon_rural
1962;3.7;968.2;BL_BaselBinningen_suburban
1962;3.7;1092.6;GE_Meyrin_suburban
1962;3.7;844.3;VD_Lausanne_urban
1962;3.7;771.8;VS_Saxon_rural
1963;3.71;1087.5;BE_Bern_urban
1963;3.71;1247.8;NE_Chaumont_rural
1963;3.71;3109.5;TI_Lugano_urban
1963;3.71;1376.9;LU_Rigi_rural
1963;3.71;893.0;TG_Taenikon_rural
1963;3.71;978.7;BL_BaselBinningen_suburban
1963;3.71;1387.8;GE_Meyrin_suburban
1963;3.71;1129.4;VD_Lausanne_urban
1963;3.71;729.2;VS_Saxon_rural
1964;4.93;1018.2;BE_Bern_urban
1964;4.93;863.5;NE_Chaumont_rural
1964;4.93;1661.5;TI_Lugano_urban
1964;4.93;1176.2;LU_Rigi_rural
1964;4.93;832.2;TG_Taenikon_rural
1964;4.93;949.2;BL_BaselBinningen_suburban
1964;4.93;867.9;GE_Meyrin_suburban
1964;4.93;809.7;VD_Lausanne_urban
1964;4.93;574.6;VS_Saxon_rural
1965;3.68;1561.6;BE_Bern_urban
1965;3.68;1627.3;NE_Chaumont_rural
1965;3.68;1837.1;TI_Lugano_urban
1965;3.68;1721.8;LU_Rigi_rural
1965;3.68;1422.7;TG_Taenikon_rural
1965;3.68;1421.5;BL_BaselBinningen_suburban
1965;3.68;1723.5;GE_Meyrin_suburban
1965;3.68;1373.0;VD_Lausanne_urban
1965;3.68;1189.1;VS_Saxon_rural
1966;4.64;1140.8;BE_Bern_urban
1966;4.64;1363.1;NE_Chaumont_rural
1966;4.64;2519.8;TI_Lugano_urban
1966;4.64;1562.0;LU_Rigi_rural
1966;4.64;1185.3;TG_Taenikon_rural
1966;4.64;1308.4;BL_BaselBinningen_suburban
1966;4.64;1386.6;GE_Meyrin_suburban
1966;4.64;1121.7;VD_Lausanne_urban
1966;4.64;942.7;VS_Saxon_rural
1967;4.71;1060.2;BE_Bern_urban
1967;4.71;1322.4;NE_Chaumont_rural
1967;4.71;1854.3;TI_Lugano_urban
1967;4.71;1370.8;LU_Rigi_rural
1967;4.71;981.9;TG_Taenikon_rural
1967;4.71;1065.5;BL_BaselBinningen_suburban
1967;4.71;1278.2;GE_Meyrin_suburban
1967;4.71;1112.0;VD_Lausanne_urban
1967;4.71;822.4;VS_Saxon_rural
1968;4.34;1283.3;BE_Bern_urban
1968;4.34;1467.5;NE_Chaumont_rural
1968;4.34;2475.2;TI_Lugano_urban
1968;4.34;1546.9;LU_Rigi_rural
1968;4.34;992.8;TG_Taenikon_rural
1968;4.34;1407.5;BL_BaselBinningen_suburban
1968;4.34;1536.7;GE_Meyrin_suburban
1968;4.34;1373.3;VD_Lausanne_urban
1968;4.34;938.8;VS_Saxon_rural
1969;4.08;929.5;BE_Bern_urban
1969;4.08;1231.4;NE_Chaumont_rural
1969;4.08;1616.6;TI_Lugano_urban
1969;4.08;1273.4;LU_Rigi_rural
1969;4.08;903.6;TG_Taenikon_rural
1969;4.08;1065.2;BL_BaselBinningen_suburban
1969;4.08;1091.7;GE_Meyrin_suburban
1969;4.08;975.7;VD_Lausanne_urban
1969;4.08;740.8;VS_Saxon_rural
1970;4.07;1175.5;BE_Bern_urban
1970;4.07;1601.6;NE_Chaumont_rural
1970;4.07;1628.6;TI_Lugano_urban
1970;4.07;1750.0;LU_Rigi_rural
1970;4.07;1078.0;TG_Taenikon_rural
1970;4.07;1266.0;BL_BaselBinningen_suburban
1970;4.07;1474.3;GE_Meyrin_suburban
1970;4.07;1239.3;VD_Lausanne_urban
1971;4.62;868.1;BE_Bern_urban
1971;4.62;943.9;NE_Chaumont_rural
1971;4.62;1770.4;TI_Lugano_urban
1971;4.62;1235.8;LU_Rigi_rural
1971;4.62;744.6;TG_Taenikon_rural
1971;4.62;868.3;BL_BaselBinningen_suburban
1971;4.62;847.5;GE_Meyrin_suburban
1971;4.62;830.8;VD_Lausanne_urban
1972;4.24;946.9;BE_Bern_urban
1972;4.24;1043.7;NE_Chaumont_rural
1972;4.24;2244.1;TI_Lugano_urban
1972;4.24;1311.9;LU_Rigi_rural
1972;4.24;885.9;TG_Taenikon_rural
1972;4.24;974.8;BL_BaselBinningen_suburban
1972;4.24;957.6;GE_Meyrin_suburban
1972;4.24;787.7;VD_Lausanne_urban
1973;4.25;926.3;BE_Bern_urban
1973;4.25;1104.2;NE_Chaumont_rural
1973;4.25;1714.2;TI_Lugano_urban
1973;4.25;1430.6;LU_Rigi_rural
1973;4.25;859.3;TG_Taenikon_rural
1973;4.25;1180.1;BL_BaselBinningen_suburban
1973;4.25;1047.7;GE_Meyrin_suburban
1973;4.25;911.2;VD_Lausanne_urban
1973;4.25;1007.3;ZH_Zuerich_urban
1974;4.49;1114.5;BE_Bern_urban
1974;4.49;1334.8;NE_Chaumont_rural
1974;4.49;1839.7;TI_Lugano_urban
1974;4.49;1646.0;LU_Rigi_rural
1974;4.49;1099.6;TG_Taenikon_rural
1974;4.49;1214.5;BL_BaselBinningen_suburban
1974;4.49;1445.9;GE_Meyrin_suburban
1974;4.49;1150.3;VD_Lausanne_urban
1974;4.49;1220.4;ZH_Zuerich_urban
1975;4.75;949.1;BE_Bern_urban
1975;4.75;1174.5;NE_Chaumont_rural
1975;4.75;2365.5;TI_Lugano_urban
1975;4.75;1521.4;LU_Rigi_rural
1975;4.75;993.5;TG_Taenikon_rural
1975;4.75;1126.3;BL_BaselBinningen_suburban
1975;4.75;1173.2;GE_Meyrin_suburban
1975;4.75;1030.9;VD_Lausanne_urban
1975;4.75;1136.2;ZH_Zuerich_urban
1976;4.62;818.5;BE_Bern_urban
1976;4.62;905.5;NE_Chaumont_rural
1976;4.62;2358.6;TI_Lugano_urban
1976;4.62;1132.9;LU_Rigi_rural
1976;4.62;875.0;TG_Taenikon_rural
1976;4.62;864.2;BL_BaselBinningen_suburban
1976;4.62;1071.2;GE_Meyrin_suburban
1976;4.62;981.5;VD_Lausanne_urban
1976;4.62;881.7;ZH_Zuerich_urban
1977;4.74;1318.3;BE_Bern_urban
1977;4.74;1671.7;NE_Chaumont_rural
1977;4.74;3009.3;TI_Lugano_urban
1977;4.74;1644.2;LU_Rigi_rural
1977;4.74;1035.9;TG_Taenikon_rural
1977;4.74;1235.2;BL_BaselBinningen_suburban
1977;4.74;1571.7;GE_Meyrin_suburban
1977;4.74;1325.1;VD_Lausanne_urban
1977;4.74;1183.3;ZH_Zuerich_urban
1978;4.15;1040.5;BE_Bern_urban
1978;4.15;1370.4;NE_Chaumont_rural
1978;4.15;2035.8;TI_Lugano_urban
1978;4.15;1586.2;LU_Rigi_rural
1978;4.15;1093.6;TG_Taenikon_rural
1978;4.15;1061.0;BL_BaselBinningen_suburban
1978;4.15;1410.0;GE_Meyrin_suburban
1978;4.15;1194.2;VD_Lausanne_urban
1978;4.15;1263.2;ZH_Zuerich_urban
1979;4.43;1238.3;BE_Bern_urban
1979;4.43;1419.8;NE_Chaumont_rural
1979;4.43;2545.9;TI_Lugano_urban
1979;4.43;1767.5;LU_Rigi_rural
1979;4.43;1127.1;TG_Taenikon_rural
1979;4.43;1286.8;BL_BaselBinningen_suburban
1979;4.43;1442.2;GE_Meyrin_suburban
1979;4.43;1093.4;VD_Lausanne_urban
1979;4.43;1293.4;ZH_Zuerich_urban
1980;3.85;1181.1;BE_Bern_urban
1980;3.85;1409.0;NE_Chaumont_rural
1980;3.85;1754.2;TI_Lugano_urban
1980;3.85;1627.5;LU_Rigi_rural
1980;3.85;975.5;TG_Taenikon_rural
1980;3.85;1093.0;BL_BaselBinningen_suburban
1980;3.85;1379.7;GE_Meyrin_suburban
1980;3.85;1236.7;VD_Lausanne_urban
1980;3.85;1206.5;ZH_Zuerich_urban
1981;4.48;1140.6;BE_Bern_urban
1981;4.48;1469.8;NE_Chaumont_rural
1981;4.48;2292.9;TI_Lugano_urban
1981;4.48;1786.1;LU_Rigi_rural
1981;4.48;1166.5;TG_Taenikon_rural
1981;4.48;1415.4;BL_BaselBinningen_suburban
1981;4.48;1534.6;GE_Meyrin_suburban
1981;4.48;1277.8;VD_Lausanne_urban
1981;4.48;1394.9;ZH_Zuerich_urban
1982;5.22;1301.5;BE_Bern_urban
1982;5.22;1477.7;NE_Chaumont_rural
1982;5.22;2415.9;TI_Lugano_urban
1982;5.22;1578.2;LU_Rigi_rural
1982;5.22;1017.4;TG_Taenikon_rural
1982;5.22;1388.6;BL_BaselBinningen_suburban
1982;5.22;1500.1;GE_Meyrin_suburban
1982;5.22;1348.9;VD_Lausanne_urban
1982;5.22;1190.7;ZH_Zuerich_urban
1983;5.34;1008.6;BE_Bern_urban
1983;5.34;1536.4;NE_Chaumont_rural
1983;5.34;2014.5;TI_Lugano_urban
1983;5.34;1361.6;LU_Rigi_rural
1983;5.34;944.1;TG_Taenikon_rural
1983;5.34;1139.8;BL_BaselBinningen_suburban
1983;5.34;1376.6;GE_Meyrin_suburban
1983;5.34;1210.2;VD_Lausanne_urban
1983;5.34;982.0;ZH_Zuerich_urban
1984;4.12;1149.1;BE_Bern_urban
1984;4.12;1206.0;NE_Chaumont_rural
1984;4.12;2490.5;TI_Lugano_urban
1984;4.12;1366.0;LU_Rigi_rural
1984;4.12;888.8;TG_Taenikon_rural
1984;4.12;1156.1;BL_BaselBinningen_suburban
1984;4.12;1264.3;GE_Meyrin_suburban
1984;4.12;1209.2;VD_Lausanne_urban
1984;4.12;1025.3;ZH_Zuerich_urban
1985;4.36;1149.4;BE_Bern_urban
1985;4.36;1048.3;NE_Chaumont_rural
1985;4.36;1803.4;TI_Lugano_urban
1985;4.36;1414.5;LU_Rigi_rural
1985;4.36;952.2;TG_Taenikon_rural
1985;4.36;898.5;BL_BaselBinningen_suburban
1985;4.36;1203.4;GE_Meyrin_suburban
1985;4.36;1229.0;VD_Lausanne_urban
1985;4.36;969.3;ZH_Zuerich_urban
1986;4.61;1175.7;BE_Bern_urban
1986;4.61;1366.4;NE_Chaumont_rural
1986;4.61;1842.7;TI_Lugano_urban
1986;4.61;1684.2;LU_Rigi_rural
1986;4.61;1219.8;TG_Taenikon_rural
1986;4.61;1332.3;BL_BaselBinningen_suburban
1986;4.61;1371.2;GE_Meyrin_suburban
1986;4.61;1112.9;VD_Lausanne_urban
1986;4.61;1330.4;ZH_Zuerich_urban
1987;4.69;1274.2;BE_Bern_urban
1987;4.69;1547.5;NE_Chaumont_rural
1987;4.69;2427.9;TI_Lugano_urban
1987;4.69;1370.5;LU_Rigi_rural
1987;4.69;1026.2;TG_Taenikon_rural
1987;4.69;1383.2;BL_BaselBinningen_suburban
1987;4.69;1313.6;GE_Meyrin_suburban
1987;4.69;1295.4;VD_Lausanne_urban
1987;4.69;1218.5;ZH_Zuerich_urban
1988;5.35;1292.4;BE_Bern_urban
1988;5.35;1563.7;NE_Chaumont_rural
1988;5.35;2295.3;TI_Lugano_urban
1988;5.35;1583.5;LU_Rigi_rural
1988;5.35;1102.1;TG_Taenikon_rural
1988;5.35;1475.4;BL_BaselBinningen_suburban
1988;5.35;1452.8;GE_Meyrin_suburban
1988;5.35;1248.1;VD_Lausanne_urban
1988;5.35;1428.1;ZH_Zuerich_urban
1989;5.85;871.1;BE_Bern_urban
1989;5.85;883.4;NE_Chaumont_rural
1989;5.85;1940.5;TI_Lugano_urban
1989;5.85;1161.3;LU_Rigi_rural
1989;5.85;805.3;TG_Taenikon_rural
1989;5.85;939.8;BL_BaselBinningen_suburban
1989;5.85;820.4;GE_Meyrin_suburban
1989;5.85;796.6;VD_Lausanne_urban
1989;5.85;946.0;ZH_Zuerich_urban
1990;5.7;1331.2;BE_Bern_urban
1990;5.7;1468.0;NE_Chaumont_rural
1990;5.7;1920.2;TI_Lugano_urban
1990;5.7;1573.7;LU_Rigi_rural
1990;5.7;1065.7;TG_Taenikon_rural
1990;5.7;1402.8;BL_BaselBinningen_suburban
1990;5.7;1358.6;GE_Meyrin_suburban
1990;5.7;1249.2;VD_Lausanne_urban
1990;5.7;1158.0;VS_Saxon_rural
1990;5.7;1308.2;ZH_Zuerich_urban
1991;4.98;942.0;BE_Bern_urban
1991;4.98;1117.7;NE_Chaumont_rural
1991;4.98;1936.0;TI_Lugano_urban
1991;4.98;1227.4;LU_Rigi_rural
1991;4.98;781.2;TG_Taenikon_rural
1991;4.98;1069.5;BL_BaselBinningen_suburban
1991;4.98;1163.8;GE_Meyrin_suburban
1991;4.98;1064.6;VD_Lausanne_urban
1991;4.98;715.3;VS_Saxon_rural
1991;4.98;1011.0;ZH_Zuerich_urban
1992;5.73;1129.0;BE_Bern_urban
1992;5.73;1344.9;NE_Chaumont_rural
1992;5.73;2194.8;TI_Lugano_urban
1992;5.73;1532.9;LU_Rigi_rural
1992;5.73;940.4;TG_Taenikon_rural
1992;5.73;1225.2;BL_BaselBinningen_suburban
1992;5.73;1447.6;GE_Meyrin_suburban
1992;5.73;1237.4;VD_Lausanne_urban
1992;5.73;925.3;VS_Saxon_rural
1992;5.73;1105.8;ZH_Zuerich_urban
1993;5.18;1101.9;BE_Bern_urban
1993;5.18;1380.6;NE_Chaumont_rural
1993;5.18;2180.6;TI_Lugano_urban
1993;5.18;1560.1;LU_Rigi_rural
1993;5.18;887.3;TG_Taenikon_rural
1993;5.18;1297.2;BL_BaselBinningen_suburban
1993;5.18;1460.6;GE_Meyrin_suburban
1993;5.18;1127.5;VD_Lausanne_urban
1993;5.18;879.7;VS_Saxon_rural
1993;5.18;1123.4;ZH_Zuerich_urban
1994;6.38;1296.5;BE_Bern_urban
1994;6.38;1322.0;NE_Chaumont_rural
1994;6.38;2301.9;TI_Lugano_urban
1994;6.38;1569.9;LU_Rigi_rural
1994;6.38;943.2;TG_Taenikon_rural
1994;6.38;1476.3;BL_BaselBinningen_suburban
1994;6.38;1374.7;GE_Meyrin_suburban
1994;6.38;1342.4;VD_Lausanne_urban
1994;6.38;959.3;VS_Saxon_rural
1994;6.38;1293.5;ZH_Zuerich_urban
1995;5.2;1281.0;BE_Bern_urban
1995;5.2;1641.9;NE_Chaumont_rural
1995;5.2;1990.8;TI_Lugano_urban
1995;5.2;1758.4;LU_Rigi_rural
1995;5.2;1143.5;TG_Taenikon_rural
1995;5.2;1518.7;BL_BaselBinningen_suburban
1995;5.2;1415.4;GE_Meyrin_suburban
1995;5.2;1480.2;VD_Lausanne_urban
1995;5.2;1122.2;VS_Saxon_rural
1995;5.2;1496.8;ZH_Zuerich_urban
1996;4.63;1122.1;BE_Bern_urban
1996;4.63;1145.1;NE_Chaumont_rural
1996;4.63;2218.5;TI_Lugano_urban
1996;4.63;1322.2;LU_Rigi_rural
1996;4.63;854.6;TG_Taenikon_rural
1996;4.63;1278.1;BL_BaselBinningen_suburban
1996;4.63;1123.9;GE_Meyrin_suburban
1996;4.63;1151.2;VD_Lausanne_urban
1996;4.63;792.9;VS_Saxon_rural
1996;4.63;1038.8;ZH_Zuerich_urban
1997;5.85;969.6;BE_Bern_urban
1997;5.85;1218.1;NE_Chaumont_rural
1997;5.85;1967.1;TI_Lugano_urban
1997;5.85;1302.9;LU_Rigi_rural
1997;5.85;844.0;TG_Taenikon_rural
1997;5.85;1256.1;BL_BaselBinningen_suburban
1997;5.85;1301.4;GE_Meyrin_suburban
1997;5.85;1140.7;VD_Lausanne_urban
1997;5.85;847.8;VS_Saxon_rural
1997;5.85;978.2;ZH_Zuerich_urban
1998;5.46;946.3;BE_Bern_urban
1998;5.46;1209.5;NE_Chaumont_rural
1998;5.46;2285.0;TI_Lugano_urban
1998;5.46;1211.3;LU_Rigi_rural
1998;5.46;855.1;TG_Taenikon_rural
1998;5.46;1517.3;BL_BaselBinningen_suburban
1998;5.46;1247.6;GE_Meyrin_suburban
1998;5.46;1043.5;VD_Lausanne_urban
1998;5.46;785.7;VS_Saxon_rural
1998;5.46;1084.9;ZH_Zuerich_urban
1999;5.37;1416.9;BE_Bern_urban
1999;5.37;1655.9;NE_Chaumont_rural
1999;5.37;2619.8;TI_Lugano_urban
1999;5.37;1871.1;LU_Rigi_rural
1999;5.37;1199.4;TG_Taenikon_rural
1999;5.37;1723.6;BL_BaselBinningen_suburban
1999;5.37;1587.9;GE_Meyrin_suburban
1999;5.37;1417.2;VD_Lausanne_urban
1999;5.37;1143.4;VS_Saxon_rural
1999;5.37;1539.4;ZH_Zuerich_urban
2000;5.99;1046.4;BE_Bern_urban
2000;5.99;1360.2;NE_Chaumont_rural
2000;5.99;3021.5;TI_Lugano_urban
2000;5.99;1322.0;LU_Rigi_rural
2000;5.99;951.4;TG_Taenikon_rural
2000;5.99;1157.5;BL_BaselBinningen_suburban
2000;5.99;1313.6;GE_Meyrin_suburban
2000;5.99;1152.7;VD_Lausanne_urban
2000;5.99;773.2;VS_Saxon_rural
2000;5.99;1184.2;ZH_Zuerich_urban
2001;5.46;1427.6;BE_Bern_urban
2001;5.46;1582.1;NE_Chaumont_rural
2001;5.46;2154.6;TI_Lugano_urban
2001;5.46;1719.4;LU_Rigi_rural
2001;5.46;1220.0;TG_Taenikon_rural
2001;5.46;1568.0;BL_BaselBinningen_suburban
2001;5.46;1450.0;GE_Meyrin_suburban
2001;5.46;1536.9;VD_Lausanne_urban
2001;5.46;1007.3;VS_Saxon_rural
2001;5.46;1640.6;ZH_Zuerich_urban
2002;6.08;1333.0;BE_Bern_urban
2002;6.08;1466.3;NE_Chaumont_rural
2002;6.08;2809.3;TI_Lugano_urban
2002;6.08;1907.8;LU_Rigi_rural
2002;6.08;1079.7;TG_Taenikon_rural
2002;6.08;1333.9;BL_BaselBinningen_suburban
2002;6.08;1336.4;GE_Meyrin_suburban
2002;6.08;1352.1;VD_Lausanne_urban
2002;6.08;944.4;VS_Saxon_rural
2002;6.08;1364.0;ZH_Zuerich_urban
2003;6.24;840.4;BE_Bern_urban
2003;6.24;972.5;NE_Chaumont_rural
2003;6.24;1299.9;TI_Lugano_urban
2003;6.24;1231.8;LU_Rigi_rural
2003;6.24;785.1;TG_Taenikon_rural
2003;6.24;820.8;BL_BaselBinningen_suburban
2003;6.24;916.0;GE_Meyrin_suburban
2003;6.24;884.6;VD_Lausanne_urban
2003;6.24;597.0;VS_Saxon_rural
2003;6.24;861.4;ZH_Zuerich_urban
2004;5.4;1068.6;BE_Bern_urban
2004;5.4;1316.9;NE_Chaumont_rural
2004;5.4;1940.4;TI_Lugano_urban
2004;5.4;1494.8;LU_Rigi_rural
2004;5.4;808.0;TG_Taenikon_rural
2004;5.4;1230.3;BL_BaselBinningen_suburban
2004;5.4;1203.9;GE_Meyrin_suburban
2004;5.4;966.8;VD_Lausanne_urban
2004;5.4;685.0;VS_Saxon_rural
2004;5.4;1189.5;ZH_Zuerich_urban
2005;4.99;955.3;BE_Bern_urban
2005;4.99;1089.2;NE_Chaumont_rural
2005;4.99;1330.3;TI_Lugano_urban
2005;4.99;1524.0;LU_Rigi_rural
2005;4.99;865.7;TG_Taenikon_rural
2005;4.99;1118.9;BL_BaselBinningen_suburban
2005;4.99;906.6;GE_Meyrin_suburban
2005;4.99;860.9;VD_Lausanne_urban
2005;4.99;640.5;VS_Saxon_rural
2005;4.99;1064.2;ZH_Zuerich_urban
2006;5.95;1224.8;BE_Bern_urban
2006;5.95;1429.8;NE_Chaumont_rural
2006;5.95;1799.2;TI_Lugano_urban
2006;5.95;1527.6;LU_Rigi_rural
2006;5.95;1012.6;TG_Taenikon_rural
2006;5.95;1593.2;BL_BaselBinningen_suburban
2006;5.95;1469.9;GE_Meyrin_suburban
2006;5.95;1286.3;VD_Lausanne_urban
2006;5.95;733.3;VS_Saxon_rural
2006;5.95;1244.5;ZH_Zuerich_urban
2007;6.06;1378.4;BE_Bern_urban
2007;6.06;1615.2;NE_Chaumont_rural
2007;6.06;1600.4;TI_Lugano_urban
2007;6.06;1766.3;LU_Rigi_rural
2007;6.06;942.5;TG_Taenikon_rural
2007;6.06;1419.9;BL_BaselBinningen_suburban
2007;6.06;1450.8;GE_Meyrin_suburban
2007;6.06;1306.5;VD_Lausanne_urban
2007;6.06;1023.2;VS_Saxon_rural
2007;6.06;1200.8;ZH_Zuerich_urban
2008;5.61;1028.9;BE_Bern_urban
2008;5.61;1330.3;NE_Chaumont_rural
2008;5.61;2839.6;TI_Lugano_urban
2008;5.61;1430.2;LU_Rigi_rural
2008;5.61;965.4;TG_Taenikon_rural
2008;5.61;1209.8;BL_BaselBinningen_suburban
2008;5.61;1401.7;GE_Meyrin_suburban
2008;5.61;1170.3;VD_Lausanne_urban
2008;5.61;872.5;VS_Saxon_rural
2008;5.61;1111.5;ZH_Zuerich_urban
2009;5.8;1057.9;BE_Bern_urban
2009;5.8;998.8;NE_Chaumont_rural
2009;5.8;2247.7;TI_Lugano_urban
2009;5.8;1400.8;LU_Rigi_rural
2009;5.8;975.1;TG_Taenikon_rural
2009;5.8;1242.7;BL_BaselBinningen_suburban
2009;5.8;1025.8;GE_Meyrin_suburban
2009;5.8;978.3;VD_Lausanne_urban
2009;5.8;717.6;VS_Saxon_rural
2009;5.8;1118.1;ZH_Zuerich_urban
2010;4.68;993.0;BE_Bern_urban
2010;4.68;961.3;NE_Chaumont_rural
2010;4.68;2390.2;TI_Lugano_urban
2010;4.68;1533.6;LU_Rigi_rural
2010;4.68;963.5;TG_Taenikon_rural
2010;4.68;1198.1;BL_BaselBinningen_suburban
2010;4.68;1007.0;GE_Meyrin_suburban
2010;4.68;958.0;VD_Lausanne_urban
2010;4.68;648.1;VS_Saxon_rural
2010;4.68;1189.8;ZH_Zuerich_urban
2011;6.62;832.5;BE_Bern_urban
2011;6.62;955.3;NE_Chaumont_rural
2011;6.62;1728.0;TI_Lugano_urban
2011;6.62;1211.1;LU_Rigi_rural
2011;6.62;856.2;TG_Taenikon_rural
2011;6.62;948.1;BL_BaselBinningen_suburban
2011;6.62;1021.7;GE_Meyrin_suburban
2011;6.62;912.8;VD_Lausanne_urban
2011;6.62;692.9;VS_Saxon_rural
2011;6.62;964.9;ZH_Zuerich_urban
2012;5.82;1190.0;BE_Bern_urban
2012;5.82;1443.1;NE_Chaumont_rural
2012;5.82;1888.7;TI_Lugano_urban
2012;5.82;1713.1;LU_Rigi_rural
2012;5.82;1068.0;TG_Taenikon_rural
2012;5.82;1424.7;BL_BaselBinningen_suburban
2012;5.82;1288.1;GE_Meyrin_suburban
2012;5.82;1269.8;VD_Lausanne_urban
2012;5.82;948.4;VS_Saxon_rural
2012;5.82;1379.7;ZH_Zuerich_urban
2013;5.27;1196.9;BE_Bern_urban
2013;5.27;1407.8;NE_Chaumont_rural
2013;5.27;2218.8;TI_Lugano_urban
2013;5.27;1492.9;LU_Rigi_rural
2013;5.27;1056.8;TG_Taenikon_rural
2013;5.27;1345.8;BL_BaselBinningen_suburban
2013;5.27;1464.8;GE_Meyrin_suburban
2013;5.27;1484.9;VD_Lausanne_urban
2013;5.27;826.7;VS_Saxon_rural
2013;5.27;1252.0;ZH_Zuerich_urban
2014;6.51;1199.3;BE_Bern_urban
2014;6.51;1147.8;NE_Chaumont_rural
2014;6.51;3089.1;TI_Lugano_urban
2014;6.51;1462.0;LU_Rigi_rural
2014;6.51;943.2;TG_Taenikon_rural
2014;6.51;1148.1;BL_BaselBinningen_suburban
2014;6.51;1192.4;GE_Meyrin_suburban
2014;6.51;1272.2;VD_Lausanne_urban
2014;6.51;844.9;VS_Saxon_rural
2014;6.51;1157.6;ZH_Zuerich_urban
2015;6.67;875.0;BE_Bern_urban
2015;6.67;976.5;NE_Chaumont_rural
2015;6.67;1797.6;TI_Lugano_urban
2015;6.67;1263.6;LU_Rigi_rural
2015;6.67;792.7;TG_Taenikon_rural
2015;6.67;998.4;BL_BaselBinningen_suburban
2015;6.67;1214.6;GE_Meyrin_suburban
2015;6.67;907.4;VD_Lausanne_urban
2015;6.67;759.6;VS_Saxon_rural
2015;6.67;921.9;ZH_Zuerich_urban
2016;6.07;1261.7;BE_Bern_urban
2016;6.07;1287.6;NE_Chaumont_rural
2016;6.07;1887.1;TI_Lugano_urban
2016;6.07;1455.3;LU_Rigi_rural
2016;6.07;1091.2;TG_Taenikon_rural
2016;6.07;1370.7;BL_BaselBinningen_suburban
2016;6.07;1341.6;GE_Meyrin_suburban
2016;6.07;1373.3;VD_Lausanne_urban
2016;6.07;887.0;VS_Saxon_rural
2016;6.07;1277.1;ZH_Zuerich_urban
2017;6.19;985.1;BE_Bern_urban
2017;6.19;1028.5;NE_Chaumont_rural
2017;6.19;2011.5;TI_Lugano_urban
2017;6.19;1372.7;LU_Rigi_rural
2017;6.19;929.7;TG_Taenikon_rural
2017;6.19;1178.6;BL_BaselBinningen_suburban
2017;6.19;1028.1;GE_Meyrin_suburban
2017;6.19;1026.6;VD_Lausanne_urban
2017;6.19;767.1;VS_Saxon_rural
2017;6.19;986.8;ZH_Zuerich_urban
2018;6.88;993.4;BE_Bern_urban
2018;6.88;1146.7;NE_Chaumont_rural
2018;6.88;1879.9;TI_Lugano_urban
2018;6.88;1057.1;LU_Rigi_rural
2018;6.88;736.3;TG_Taenikon_rural
2018;6.88;921.6;BL_BaselBinningen_suburban
2018;6.88;1332.4;GE_Meyrin_suburban
2018;6.88;989.2;VD_Lausanne_urban
2018;6.88;841.6;VS_Saxon_rural
2018;6.88;984.1;ZH_Zuerich_urban
2019;6.5;1006.2;BE_Bern_urban
2019;6.5;1185.8;NE_Chaumont_rural
2019;6.5;2211.2;TI_Lugano_urban
2019;6.5;1290.9;LU_Rigi_rural
2019;6.5;918.4;TG_Taenikon_rural
2019;6.5;1075.8;BL_BaselBinningen_suburban
2019;6.5;1447.2;GE_Meyrin_suburban
2019;6.5;1109.2;VD_Lausanne_urban
2019;6.5;903.9;VS_Saxon_rural
2019;6.5;1025.6;ZH_Zuerich_urban
2020;6.87;1039.8;BE_Bern_urban
2020;6.87;1117.6;NE_Chaumont_rural
2020;6.87;1939.1;TI_Lugano_urban
2020;6.87;1319.5;LU_Rigi_rural
2020;6.87;749.3;TG_Taenikon_rural
2020;6.87;1062.3;BL_BaselBinningen_suburban
2020;6.87;1230.5;GE_Meyrin_suburban
2020;6.87;1125.4;VD_Lausanne_urban
2020;6.87;911.9;VS_Saxon_rural
2020;6.87;830.7;ZH_Zuerich_urban
2021;5.64;1197.9;BE_Bern_urban
2021;5.64;1288.8;NE_Chaumont_rural
2021;5.64;1784.7;TI_Lugano_urban
2021;5.64;1648.7;LU_Rigi_rural
2021;5.64;1073.9;TG_Taenikon_rural
2021;5.64;1305.8;BL_BaselBinningen_suburban
2021;5.64;1420.7;GE_Meyrin_suburban
2021;5.64;1294.4;VD_Lausanne_urban
2021;5.64;939.4;VS_Saxon_rural
2021;5.64;1129.9;ZH_Zuerich_urban
2022;7.42;916.9;BE_Bern_urban
2022;7.42;1012.8;NE_Chaumont_rural
2022;7.42;1481.3;TI_Lugano_urban
2022;7.42;1232.7;LU_Rigi_rural
2022;7.42;844.0;TG_Taenikon_rural
2022;7.42;1085.7;BL_BaselBinningen_suburban
2022;7.42;1096.4;GE_Meyrin_suburban
2022;7.42;940.0;VD_Lausanne_urban
2022;7.42;719.7;VS_Saxon_rural
2022;7.42;882.9;ZH_Zuerich_urban
2023;7.25;1135.2;BE_Bern_urban
2023;7.25;1196.9;NE_Chaumont_rural
2023;7.25;1959.2;TI_Lugano_urban
2023;7.25;1454.6;LU_Rigi_rural
2023;7.25;945.2;TG_Taenikon_rural
2023;7.25;1160.9;BL_BaselBinningen_suburban
2023;7.25;1425.7;GE_Meyrin_suburban
2023;7.25;1246.5;VD_Lausanne_urban
2023;7.25;1106.2;VS_Saxon_rural
2023;7.25;1059.7;ZH_Zuerich_urban
2024;7.17;1156.6;BE_Bern_urban
2024;7.17;1332.8;NE_Chaumont_rural
2024;7.17;2527.3;TI_Lugano_urban
2024;7.17;1673.7;LU_Rigi_rural
2024;7.17;1028.0;TG_Taenikon_rural
2024;7.17;1386.5;BL_BaselBinningen_suburban
2024;7.17;1391.6;GE_Meyrin_suburban
2024;7.17;1206.2;VD_Lausanne_urban
2024;7.17;934.8;VS_Saxon_rural
2024;7.17;1172.4;ZH_Zuerich_urban
